state_name,district_name,crop_year,season,crop,temperature,precipitation,humidity,area,production
Maharashtra,AHMEDNAGAR,1997,Kharif,Rice,24.243,42.3484,84,5900,7200
Maharashtra,AHMEDNAGAR,1998,Kharif,Rice,23.1,8.7838,70,5600,7400
Maharashtra,AHMEDNAGAR,1999,Kharif,Rice,22.8118,39.5078,35,5700,8000
Maharashtra,AHMEDNAGAR,2000,Kharif,Rice,23.2746,9.2558,33,5500,3800
Maharashtra,AHMEDNAGAR,2001,Kharif,Rice,23.5674,4.0668,29,7300,4100
Maharashtra,AHMEDNAGAR,2002,Kharif,Rice,23.5598,28.5188,85,7400,1700
Maharashtra,AHMEDNAGAR,2003,Kharif,Rice,23.7654,3.5496,87,7600,5900
Maharashtra,AHMEDNAGAR,2004,Kharif,Rice,23.456,8.3676,20,8000,5800
Maharashtra,AHMEDNAGAR,2005,Kharif,Rice,22.8787,46.7888,36,800,400
Maharashtra,AHMEDNAGAR,2006,Kharif,Rice,22.7811,20.8014,43,8400,6600
Maharashtra,AHMEDNAGAR,2007,Kharif,Rice,23.111,14.398,54,86,102
Maharashtra,AHMEDNAGAR,2008,Kharif,Rice,22.3211,35.4694,33,9300,9100
Maharashtra,AHMEDNAGAR,2009,Kharif,Rice,22.3564,28.1252,52,7400,2800
Maharashtra,AHMEDNAGAR,2010,Kharif,Rice,23.1456,26.9422,80,7500,7000
Maharashtra,AHMEDNAGAR,2011,Kharif,Rice,23.6523,32.6042,79,7900,7800
Maharashtra,AHMEDNAGAR,2012,Kharif,Rice,23.1234,9.5166,40,7500,4600
Maharashtra,AHMEDNAGAR,2013,Kharif,Rice,22.751,24.0944,79,7900,19000
Maharashtra,AHMEDNAGAR,2014,Kharif,Rice,22.8787,28.5188,43,8600,2200
Maharashtra,AKOLA,1997,Kharif,Rice,23.1122,5.213,54,2900,1600
Maharashtra,AKOLA,1998,Kharif,Rice,22.991,27.6824,34,2900,2000
Maharashtra,AMRAVATI,1997,Kharif,Rice,23.654,22.9778,44,9500,5800
Maharashtra,AMRAVATI,1998,Kharif,Rice,23.842,29.0668,44,8700,6100
Maharashtra,AMRAVATI,1999,Kharif,Rice,23.132,31.3068,34,8800,5600
Maharashtra,AMRAVATI,2000,Kharif,Rice,23.594,12.877,36,8900,4400
Maharashtra,AMRAVATI,2001,Kharif,Rice,23.202,27.4898,23,10300,9700
Maharashtra,AMRAVATI,2002,Kharif,Rice,24.2112,23.9706,50,11000,7200
Maharashtra,AMRAVATI,2003,Kharif,Rice,24.458,6.4794,47,10200,6000
Maharashtra,AMRAVATI,2004,Kharif,Rice,24.2567,28.5188,44,9600,4200
Maharashtra,AMRAVATI,2005,Kharif,Rice,24.394,3.4646,50,10200,5000
Maharashtra,AMRAVATI,2006,Kharif,Rice,24.53,8.7726,34,8500,4600
Maharashtra,AMRAVATI,2007,Kharif,Rice,24.6,30.3168,40,63,52
Maharashtra,AMRAVATI,2008,Kharif,Rice,24.809,12.8052,40,4500,1800
Maharashtra,AMRAVATI,2009,Kharif,Rice,24.947,13.7788,54,4300,6200
Maharashtra,AMRAVATI,2010,Kharif,Rice,25.08,35.25,51,3800,2800
Maharashtra,AMRAVATI,2011,Kharif,Rice,25.2232,45.88,38,4100,3100
Maharashtra,AMRAVATI,2012,Kharif,Rice,24.2334,23.4982,44,3800,1500
Maharashtra,AMRAVATI,2013,Kharif,Rice,23.416,3.8178,48,4700,800
Maharashtra,AMRAVATI,2014,Kharif,Rice,23.789,55.4514,38,5300,1600
Maharashtra,AURANGABAD,1997,Kharif,Rice,23.897,23.9442,44,1100,1200
Maharashtra,AURANGABAD,1998,Kharif,Rice,24.123,9.4574,39,1200,600
Maharashtra,AURANGABAD,1999,Kharif,Rice,23.416,38.3356,31,900,400
Maharashtra,AURANGABAD,2000,Kharif,Rice,23.348,8.563,20,600,400
Maharashtra,AURANGABAD,2001,Kharif,Rice,23.017,27.4898,29,500,300
Maharashtra,AURANGABAD,2002,Kharif,Rice,23.6324,37.3426,29,600,200
Maharashtra,AURANGABAD,2003,Kharif,Rice,23.46683,14.8936,26,600,200
Maharashtra,AURANGABAD,2004,Kharif,Rice,24.2225,3.0964,33,300,200
Maharashtra,AURANGABAD,2005,Kharif,Rice,23.864,23.4266,39,100,100
Maharashtra,AURANGABAD,2006,Kharif,Rice,24.435,27.0536,33,100,100
Maharashtra,BEED,1997,Kharif,Rice,24.613,7.1936,55,3400,1700
Maharashtra,BEED,1998,Kharif,Rice,23.6854,16.5566,22,3500,1400
Maharashtra,BEED,1999,Kharif,Rice,23.421,5.728,58,3800,1700
Maharashtra,BEED,2000,Kharif,Rice,24.50667,35.733,31,3400,2000
Maharashtra,BEED,2001,Kharif,Rice,24.3985,11.5014,27,2400,1500
Maharashtra,BEED,2002,Kharif,Rice,24.11217,45.2892,20,2400,600
Maharashtra,BEED,2003,Kharif,Rice,23.8315,14.0634,60,2500,1000
Maharashtra,BEED,2004,Kharif,Rice,24.079,7.227,51,2300,600
Maharashtra,BEED,2005,Kharif,Rice,23.96683,33.2642,44,200,900
Maharashtra,BEED,2006,Kharif,Rice,24.1122,5.8858,30,2000,1500
Maharashtra,BEED,2007,Kharif,Rice,23.965,9.278,60,15,7
Maharashtra,BEED,2008,Kharif,Rice,24.212,43.905,43,1000,400
Maharashtra,BEED,2009,Kharif,Rice,24.312,29.9464,24,600,200
Maharashtra,BEED,2010,Kharif,Rice,23.964,24.4334,42,800,300
Maharashtra,BEED,2011,Kharif,Rice,23.456,24.6872,58,600,300
Maharashtra,BEED,2012,Kharif,Rice,23.756,43.204,20,600,300
Maharashtra,BEED,2013,Kharif,Rice,24.946,31.903,53,500,300
Maharashtra,BEED,2014,Kharif,Rice,24.312,29.9464,24,400,100
Maharashtra,BHANDARA,1997,Kharif,Rice,24.5384,33.3622,32,306900,381500
Maharashtra,BHANDARA,1997,Kharif,Rice,24.5384,33.3622,32,128,193
Maharashtra,BHANDARA,1998,Kharif,Rice,24.126,9.8316,39,311400,365800
Maharashtra,BHANDARA,1998,Kharif,Rice,24.126,9.8316,39,13500,21100
Maharashtra,BHANDARA,1999,Kharif,Rice,23.6512,23.4222,41,141000,218200
Maharashtra,BHANDARA,1999,Kharif,Rice,23.6512,23.4222,41,5500,11400
Maharashtra,BHANDARA,2000,Kharif,Rice,23.453,10.9318,49,138800,139700
Maharashtra,BHANDARA,2000,Kharif,Rice,23.453,10.9318,49,3500,7200
Maharashtra,BHANDARA,2001,Kharif,Rice,22.93,57.9916,60,142400,195500
Maharashtra,BHANDARA,2001,Kharif,Rice,22.93,57.9916,60,4000,8600
Maharashtra,BHANDARA,2002,Kharif,Rice,23.1286,28.1178,34,168600,190500
Maharashtra,BHANDARA,2002,Kharif,Rice,23.1286,28.1178,34,3300,6900
Maharashtra,BHANDARA,2003,Kharif,Rice,22.9408,23.8736,41,170000,264200
Maharashtra,BHANDARA,2003,Kharif,Rice,22.9408,23.8736,41,3300,7700
Maharashtra,BHANDARA,2004,Kharif,Rice,23.527,10.6622,36,164100,119700
Maharashtra,BHANDARA,2004,Kharif,Rice,23.527,10.6622,36,1800,4400
Maharashtra,BHANDARA,2005,Kharif,Rice,24.946,31.903,53,168400,283700
Maharashtra,BHANDARA,2005,Kharif,Rice,24.946,31.903,53,4600,6600
Maharashtra,BHANDARA,2006,Kharif,Rice,24.004,7.5498,4,175800,255000
Maharashtra,BHANDARA,2006,Kharif,Rice,24.004,7.5498,4,4600,8700
Maharashtra,BHANDARA,2007,Kharif,Rice,24.079,7.227,51,1769,3174
Maharashtra,BHANDARA,2008,Kharif,Rice,24.079,7.227,51,175100,126200
Maharashtra,BHANDARA,2009,Kharif,Rice,24.946,31.903,53,175200,174800
Maharashtra,BHANDARA,2010,Kharif,Rice,24.946,31.903,53,181500,258800
Maharashtra,BHANDARA,2011,Kharif,Rice,23.564,23.9846,85,180300,308200
Maharashtra,BHANDARA,2011,Kharif,Rice,23.564,23.9846,85,5000,12700
Maharashtra,BHANDARA,2012,Kharif,Rice,24.1324,22.2358,33,177200,360500
Maharashtra,BHANDARA,2012,Kharif,Rice,24.1324,22.2358,33,7100,18700
Maharashtra,BHANDARA,2013,Kharif,Rice,24.121,30.8122,36,186200,303500
Maharashtra,BHANDARA,2013,Kharif,Rice,24.121,30.8122,36,8400,20770
Maharashtra,BHANDARA,2014,Kharif,Rice,24.121,30.8122,36,188600,305400
Maharashtra,BHANDARA,2014,Kharif,Rice,23.564,23.9846,85,7600,17400
Maharashtra,BULDHANA,1997,Kharif,Rice,24.1324,22.2358,33,700,300
Maharashtra,BULDHANA,1998,Kharif,Rice,24.1324,22.2358,33,500,400
Maharashtra,BULDHANA,1999,Kharif,Rice,24.121,30.8122,36,200,100
Maharashtra,BULDHANA,2000,Kharif,Rice,24.121,30.8122,36,200,200
Maharashtra,BULDHANA,2001,Kharif,Rice,24.121,30.8122,36,200,200
Maharashtra,BULDHANA,2002,Kharif,Rice,24.121,30.8122,36,100,100
Maharashtra,CHANDRAPUR,1997,Kharif,Rice,24.123,23.8542,80,136400,190100
Maharashtra,CHANDRAPUR,1997,Kharif,Rice,24.234,27.3182,79,11,13
Maharashtra,CHANDRAPUR,1998,Kharif,Rice,23.571,3.9404,40,132200,159700
Maharashtra,CHANDRAPUR,1998,Kharif,Rice,23.914,10.2422,79,3000,4700
Maharashtra,CHANDRAPUR,1999,Kharif,Rice,23.774,51.9268,54,140600,211500
Maharashtra,CHANDRAPUR,1999,Kharif,Rice,23.8826,20.6762,34,3100,4800
Maharashtra,CHANDRAPUR,2000,Kharif,Rice,23.5864,26.6764,36,144800,119200
Maharashtra,CHANDRAPUR,2000,Kharif,Rice,24.1724,14.6656,23,1500,1600
Maharashtra,CHANDRAPUR,2001,Kharif,Rice,24.5316,7.3514,50,152700,220500
Maharashtra,CHANDRAPUR,2001,Kharif,Rice,24.4052,22.2012,47,500,600
Maharashtra,CHANDRAPUR,2002,Kharif,Rice,24.324,7.2722,30,142100,108300
Maharashtra,CHANDRAPUR,2002,Kharif,Rice,24.5124,8.3802,48,400,700
Maharashtra,CHANDRAPUR,2003,Kharif,Rice,23.969,41.015,51,142700,206900
Maharashtra,CHANDRAPUR,2003,Kharif,Rice,24.0124,25.6692,36,700,700
Maharashtra,CHANDRAPUR,2004,Kharif,Rice,24.8575,19.1342,35,142500,107200
Maharashtra,CHANDRAPUR,2004,Kharif,Rice,24.5462,38.6634,51,500,1100
Maharashtra,CHANDRAPUR,2005,Kharif,Rice,24.123,23.8542,80,130500,206400
Maharashtra,CHANDRAPUR,2005,Kharif,Rice,24.234,27.3182,79,3200,3500
Maharashtra,CHANDRAPUR,2006,Kharif,Rice,23.571,3.9404,40,136300,188700
Maharashtra,CHANDRAPUR,2006,Kharif,Rice,23.914,10.2422,79,2900,5000
Maharashtra,CHANDRAPUR,2007,Kharif,Rice,23.774,51.9268,54,1613,2517
Maharashtra,CHANDRAPUR,2008,Kharif,Rice,23.8826,20.6762,34,157700,133700
Maharashtra,CHANDRAPUR,2009,Kharif,Rice,23.5864,26.6764,36,112600,69700
Maharashtra,CHANDRAPUR,2010,Kharif,Rice,24.1724,14.6656,23,114300,160100
Maharashtra,CHANDRAPUR,2011,Kharif,Rice,24.5316,7.3514,50,158100,199900
Maharashtra,CHANDRAPUR,2011,Kharif,Rice,24.4052,22.2012,47,1800,3300
Maharashtra,CHANDRAPUR,2012,Kharif,Rice,24.324,7.2722,30,158200,250500
Maharashtra,CHANDRAPUR,2012,Kharif,Rice,24.5124,8.3802,48,2600,5400
Maharashtra,CHANDRAPUR,2013,Kharif,Rice,23.969,41.015,51,160200,211300
Maharashtra,CHANDRAPUR,2013,Kharif,Rice,24.0124,25.6692,36,3200,6900
Maharashtra,CHANDRAPUR,2014,Kharif,Rice,24.8575,19.1342,35,141800,106700
Maharashtra,CHANDRAPUR,2014,Kharif,Rice,24.5462,38.6634,51,4000,6800
Maharashtra,DHULE,1997,Kharif,Rice,23.8741,34.6954,38,25300,21200
Maharashtra,DHULE,1998,Kharif,Rice,24.124,19.1486,44,26400,15900
Maharashtra,DHULE,1999,Kharif,Rice,24.54,8.1814,44,4900,4700
Maharashtra,DHULE,2000,Kharif,Rice,23.958,30.3526,32,4900,1800
Maharashtra,DHULE,2001,Kharif,Rice,22.8184,40.0492,39,4900,5600
Maharashtra,DHULE,2002,Kharif,Rice,22.8716,5.7688,48,5200,4200
Maharashtra,DHULE,2003,Kharif,Rice,22.4246,25.584,34,5000,6900
Maharashtra,DHULE,2004,Kharif,Rice,22.9606,11.323,36,5100,5400
Maharashtra,DHULE,2005,Kharif,Rice,22.9996,1.1432,23,5100,5000
Maharashtra,DHULE,2006,Kharif,Rice,23.0222,13.4654,50,5100,2100
Maharashtra,DHULE,2007,Kharif,Rice,22.546,2.6158,47,44,35
Maharashtra,DHULE,2008,Kharif,Rice,22.32145,7.5798,30,5400,3000
Maharashtra,DHULE,2009,Kharif,Rice,22.6878,7.9932,24,4900,2400
Maharashtra,DHULE,2010,Kharif,Rice,22.7865,10.8172,51,5000,6700
Maharashtra,DHULE,2011,Kharif,Rice,22.647,17.6784,36,7900,5300
Maharashtra,DHULE,2012,Kharif,Rice,22.789,17.622,35,7700,7400
Maharashtra,DHULE,2013,Kharif,Rice,22.985,13.9788,51,7700,9700
Maharashtra,DHULE,2014,Kharif,Rice,23.0222,13.4654,50,100,0
Maharashtra,GADCHIROLI,1997,Kharif,Rice,22.3124,21.2754,38,135300,148300
Maharashtra,GADCHIROLI,1997,Kharif,Rice,22.514,5.9784,44,25,29
Maharashtra,GADCHIROLI,1998,Kharif,Rice,22.617,1.308,44,138300,154100
Maharashtra,GADCHIROLI,1998,Kharif,Rice,22.459,5.9785,32,4800,7100
Maharashtra,GADCHIROLI,1999,Kharif,Rice,24.3958,49.9568,39,139400,190100
Maharashtra,GADCHIROLI,1999,Kharif,Rice,24.499,23.9216,31,5400,10200
Maharashtra,GADCHIROLI,2000,Kharif,Rice,23.9898,29.2804,20,138400,107300
Maharashtra,GADCHIROLI,2000,Kharif,Rice,24.6558,11.8062,29,2400,2800
Maharashtra,GADCHIROLI,2001,Kharif,Rice,24.8906,7.4244,29,142100,163800
Maharashtra,GADCHIROLI,2001,Kharif,Rice,24.7492,7.4244,26,3000,4900
Maharashtra,GADCHIROLI,2002,Kharif,Rice,24.3958,33.0362,33,142600,74900
Maharashtra,GADCHIROLI,2002,Kharif,Rice,24.499,10.0562,39,1500,2800
Maharashtra,GADCHIROLI,2003,Kharif,Rice,24.6558,29.3722,52,144300,175700
Maharashtra,GADCHIROLI,2003,Kharif,Rice,24.8906,36.8972,24,1800,3400
Maharashtra,GADCHIROLI,2004,Kharif,Rice,24.7492,31.5016,42,145200,125200
Maharashtra,GADCHIROLI,2004,Kharif,Rice,23.546,20.5066,48,700,1000
Maharashtra,GADCHIROLI,2005,Kharif,Rice,24.561,37.4084,31,147200,222100
Maharashtra,GADCHIROLI,2005,Kharif,Rice,22.3124,21.2754,38,3500,5800
Maharashtra,GADCHIROLI,2006,Kharif,Rice,22.514,5.9784,44,140000,206100
Maharashtra,GADCHIROLI,2006,Kharif,Rice,22.617,1.308,44,3000,5200
Maharashtra,GADCHIROLI,2007,Kharif,Rice,22.459,5.9785,32,1491,2231
Maharashtra,GADCHIROLI,2008,Kharif,Rice,24.3958,49.9568,39,151400,126000
Maharashtra,GADCHIROLI,2009,Kharif,Rice,24.499,23.9216,31,149100,112500
Maharashtra,GADCHIROLI,2010,Kharif,Rice,23.9898,29.2804,20,156800,233200
Maharashtra,GADCHIROLI,2011,Kharif,Rice,24.6558,11.8062,29,152200,182300
Maharashtra,GADCHIROLI,2011,Kharif,Rice,24.8906,7.4244,29,2900,4800
Maharashtra,GADCHIROLI,2012,Kharif,Rice,24.7492,7.4244,26,151400,228800
Maharashtra,GADCHIROLI,2012,Kharif,Rice,24.3958,33.0362,33,2900,6200
Maharashtra,GADCHIROLI,2013,Kharif,Rice,24.499,10.0562,39,153000,225600
Maharashtra,GADCHIROLI,2013,Kharif,Rice,24.6558,29.3722,52,3000,6400
Maharashtra,GADCHIROLI,2014,Kharif,Rice,24.8906,36.8972,24,152800,201600
Maharashtra,GADCHIROLI,2014,Kharif,Rice,24.7492,31.5016,42,2900,4500
Maharashtra,GONDIA,1999,Kharif,Rice,23.546,20.5066,48,15000,9000
Maharashtra,GONDIA,2000,Kharif,Rice,24.561,37.4084,31,181800,156100
Maharashtra,GONDIA,2000,Kharif,Rice,25.0586,5.9594,51,1600,3600
Maharashtra,GONDIA,2001,Kharif,Rice,25.1164,37.2128,36,177800,231400
Maharashtra,GONDIA,2001,Kharif,Rice,25.1142,8.0738,35,3400,6500
Maharashtra,GONDIA,2002,Kharif,Rice,24.6718,20.8438,51,168400,164200
Maharashtra,GONDIA,2002,Kharif,Rice,24.7168,36.1714,44,4200,9700
Maharashtra,GONDIA,2003,Kharif,Rice,25.0586,26.4202,44,170000,255000
Maharashtra,GONDIA,2003,Kharif,Rice,25.1164,44.4474,32,6600,11900
Maharashtra,GONDIA,2004,Kharif,Rice,24.6828,31.7816,39,162500,97600
Maharashtra,GONDIA,2004,Kharif,Rice,24.682,35.6638,31,1300,2800
Maharashtra,GONDIA,2005,Kharif,Rice,25.1241,45.8146,20,177800,271200
Maharashtra,GONDIA,2005,Kharif,Rice,25.0124,17.3788,29,10700,16000
Maharashtra,GONDIA,2006,Kharif,Rice,24.9824,38.8088,29,187000,209200
Maharashtra,GONDIA,2006,Kharif,Rice,24.9682,11.5472,26,10700,21400
Maharashtra,GONDIA,2007,Kharif,Rice,24.6776,44.4164,33,1925,3190
Maharashtra,GONDIA,2008,Kharif,Rice,24.3618,15.8814,39,185100,130900
Maharashtra,GONDIA,2009,Kharif,Rice,24.084,51.2438,37,181900,197500
Maharashtra,GONDIA,2010,Kharif,Rice,24.4,4.7224,74,178200,306000
Maharashtra,GONDIA,2011,Kharif,Rice,24.6742,11.1808,65,172800,294800
Maharashtra,GONDIA,2011,Kharif,Rice,24.5532,35.7522,45,7700,18200
Maharashtra,GONDIA,2012,Kharif,Rice,24.6776,10.2246,42,177500,334600
Maharashtra,GONDIA,2012,Kharif,Rice,24.3618,16.4118,38,8900,21300
Maharashtra,GONDIA,2013,Kharif,Rice,24.4,45.1206,45,188100,292500
Maharashtra,GONDIA,2013,Kharif,Rice,24.6742,41.8006,55,13400,32820
Maharashtra,GONDIA,2014,Kharif,Rice,24.5532,46.2974,65,174700,340600
Maharashtra,GONDIA,2014,Kharif,Rice,24.6824,41.8904,40,12900,36100
Maharashtra,HINGOLI,2000,Kharif,Rice,24.935,40.4578,58,14700,8900
Maharashtra,HINGOLI,2001,Kharif,Rice,24.9824,36.9098,43,14500,9700
Maharashtra,HINGOLI,2002,Kharif,Rice,24.58474,13.7076,35,15900,9300
Maharashtra,HINGOLI,2003,Kharif,Rice,25.001,37.0666,27,9500,4800
Maharashtra,HINGOLI,2004,Kharif,Rice,24.6871,14.3076,43,7800,1800
Maharashtra,HINGOLI,2005,Kharif,Rice,23.9512,41.8078,84,4500,1500
Maharashtra,HINGOLI,2006,Kharif,Rice,24.0012,18.937,65,4300,2000
Maharashtra,HINGOLI,2007,Kharif,Rice,23.654,26.7146,45,41,19
Maharashtra,HINGOLI,2008,Kharif,Rice,23.145,18.4934,65,500,300
Maharashtra,HINGOLI,2009,Kharif,Rice,23.9512,6.8876,45,1200,400
Maharashtra,HINGOLI,2010,Kharif,Rice,24.0012,21.0326,84,1100,700
Maharashtra,HINGOLI,2011,Kharif,Rice,23.145,7.377,45,600,200
Maharashtra,HINGOLI,2012,Kharif,Rice,24.0185,23.1862,43,600,200
Maharashtra,JALGAON,1997,Kharif,Rice,23.9578,27.7986,66,1700,1600
Maharashtra,JALGAON,1998,Kharif,Rice,24.0154,16.6572,22,1800,1900
Maharashtra,JALGAON,1999,Kharif,Rice,24.1352,23.5486,37,1800,1700
Maharashtra,JALGAON,2000,Kharif,Rice,24.252,47.8628,74,1700,2100
Maharashtra,JALGAON,2001,Kharif,Rice,23.6156,41.8078,65,1200,700
Maharashtra,JALGAON,2002,Kharif,Rice,23.83,18.937,45,900,800
Maharashtra,JALGAON,2003,Kharif,Rice,23.6184,26.7146,42,900,1100
Maharashtra,JALGAON,2004,Kharif,Rice,24.414,18.4934,38,400,400
Maharashtra,JALGAON,2005,Kharif,Rice,24.8154,6.8876,35,200,300
Maharashtra,JALGAON,2006,Kharif,Rice,24.676,21.0326,45,100,100
Maharashtra,JALGAON,2007,Kharif,Rice,23.6156,5.5586,55,1,1
Maharashtra,JALGAON,2009,Kharif,Rice,23.83,7.377,65,200,100
Maharashtra,JALGAON,2011,Kharif,Rice,24.414,27.7986,58,200,300
Maharashtra,JALNA,1997,Kharif,Rice,24.8154,16.6572,43,1600,800
Maharashtra,JALNA,1998,Kharif,Rice,24.676,23.5486,35,1100,400
Maharashtra,JALNA,1999,Kharif,Rice,24.145,47.8628,27,1300,700
Maharashtra,JALNA,2000,Kharif,Rice,24.6541,29.4564,43,1200,700
Maharashtra,JALNA,2001,Kharif,Rice,23.9952,23.512,84,600,400
Maharashtra,JALNA,2002,Kharif,Rice,24.2521,3.8814,65,600,100
Maharashtra,JALNA,2003,Kharif,Rice,24.625,20.005,45,700,300
Maharashtra,JALNA,2004,Kharif,Rice,22.796,11.9104,85,500,200
Maharashtra,KOLHAPUR,1997,Kharif,Rice,24.3842,32.0978,87,1100,246100
Maharashtra,KOLHAPUR,1997,Kharif,Rice,23.6184,29.223,20,3,8
Maharashtra,KOLHAPUR,1998,Kharif,Rice,24.0032,5.7468,36,106000,289100
Maharashtra,KOLHAPUR,1998,Kharif,Rice,22.796,30.3828,43,300,700
Maharashtra,KOLHAPUR,1999,Kharif,Rice,24.3842,4.1708,37,103200,261900
Maharashtra,KOLHAPUR,1999,Kharif,Rice,24.0032,39.626,65,300,700
Maharashtra,KOLHAPUR,2000,Kharif,Rice,24.3521,8.1252,45,106300,232800
Maharashtra,KOLHAPUR,2000,Kharif,Rice,24.3241,15.6864,42,400,900
Maharashtra,KOLHAPUR,2001,Kharif,Rice,24.256,14.4954,38,105900,289400
Maharashtra,KOLHAPUR,2001,Kharif,Rice,23.982,16.6572,35,400,1100
Maharashtra,KOLHAPUR,2002,Kharif,Rice,26.11,179.562,60,105600,233200
Maharashtra,KOLHAPUR,2002,Kharif,Rice,26.01,158.94,54,500,1500
Maharashtra,KOLHAPUR,2003,Kharif,Rice,26.67,88.113,71,106200,246100
Maharashtra,KOLHAPUR,2003,Kharif,Rice,26.1,374.876,51,700,2200
Maharashtra,KOLHAPUR,2004,Kharif,Rice,25.54,209.503,73,110500,279100
Maharashtra,KOLHAPUR,2004,Kharif,Rice,25.75,282.84,64,600,2200
Maharashtra,KOLHAPUR,2005,Kharif,Rice,25.994,240.383,56,108300,246100
Maharashtra,KOLHAPUR,2005,Kharif,Rice,27,146.649,79,600,1700
Maharashtra,KOLHAPUR,2006,Kharif,Rice,26.54,240.257,65,109800,284800
Maharashtra,KOLHAPUR,2006,Kharif,Rice,25.39,318.179,47,600,1600
Maharashtra,KOLHAPUR,2007,Kharif,Rice,27.68,288.451,66,1119,3362
Maharashtra,KOLHAPUR,2008,Kharif,Rice,26.14,297.622,60,113800,285200
Maharashtra,KOLHAPUR,2009,Kharif,Rice,27.3,213.733,81,112700,291800
Maharashtra,KOLHAPUR,2010,Kharif,Rice,25.9,273.383,57,111500,321600
Maharashtra,KOLHAPUR,2011,Kharif,Rice,25.78,143.288,74,104300,278900
Maharashtra,KOLHAPUR,2011,Kharif,Rice,25.92,153.915,59,600,2000
Maharashtra,KOLHAPUR,2012,Kharif,Rice,27.89,127.43,73,107800,282200
Maharashtra,KOLHAPUR,2012,Kharif,Rice,25.25,40.453,66,700,1800
Maharashtra,KOLHAPUR,2013,Kharif,Rice,27.66,225.335,64,108800,339600
Maharashtra,KOLHAPUR,2013,Kharif,Rice,27.2,345.527,70,800,2200
Maharashtra,KOLHAPUR,2014,Kharif,Rice,28.66,71.054,74,110900,335200
Maharashtra,KOLHAPUR,2014,Kharif,Rice,28,363.935,48,900,3400
Maharashtra,LATUR,1997,Kharif,Rice,26.86,94.738,68,20700,5500
Maharashtra,LATUR,1998,Kharif,Rice,26.66,205.026,47,20300,9800
Maharashtra,LATUR,1999,Kharif,Rice,27.34,178.771,67,19700,11700
Maharashtra,LATUR,2000,Kharif,Rice,28.7,71.845,62,20800,13000
Maharashtra,LATUR,2001,Kharif,Rice,28.51,235.287,59,20700,13400
Maharashtra,LATUR,2002,Kharif,Rice,26.52,157.128,49,20700,9200
Maharashtra,LATUR,2003,Kharif,Rice,29.16,370.269,50,20500,6700
Maharashtra,LATUR,2004,Kharif,Rice,28.3,247.047,57,19900,6200
Maharashtra,LATUR,2005,Kharif,Rice,27.25,151.123,70,18200,8300
Maharashtra,LATUR,2006,Kharif,Rice,29.2,149.136,77,15900,8600
Maharashtra,LATUR,2007,Kharif,Rice,27.21,156.08,70,126,59
Maharashtra,LATUR,2008,Kharif,Rice,27.57,198.556,61,3900,1400
Maharashtra,LATUR,2009,Kharif,Rice,27.25,50.113,67,3200,1300
Maharashtra,LATUR,2010,Kharif,Rice,27.26,31.866,68,6300,2800
Maharashtra,LATUR,2011,Kharif,Rice,28.26,96.984,53,6700,3200
Maharashtra,LATUR,2012,Kharif,Rice,27.94,373.081,59,8300,5000
Maharashtra,LATUR,2013,Kharif,Rice,29.6,116.511,69,7600,5100
Maharashtra,LATUR,2014,Kharif,Rice,28.82,259.475,52,5800,1100
Maharashtra,NAGPUR,1997,Kharif,Rice,27.72,194.961,64,29200,23700
Maharashtra,NAGPUR,1997,Kharif,Rice,27.43,79.776,71,2,3
Maharashtra,NAGPUR,1998,Kharif,Rice,28.309,255.032,48,29000,40000
Maharashtra,NAGPUR,1998,Kharif,Rice,29.38,240.813,55,200,300
Maharashtra,NAGPUR,1999,Kharif,Rice,29.19,396.967,72,37300,41500
Maharashtra,NAGPUR,1999,Kharif,Rice,27.23,256.748,58,400,700
Maharashtra,NAGPUR,2000,Kharif,Rice,29.84,177.96,31,37500,37100
Maharashtra,NAGPUR,2000,Kharif,Rice,29.1,158.635,61,200,300
Maharashtra,NAGPUR,2001,Kharif,Rice,27.993,196.633,63,42500,54700
Maharashtra,NAGPUR,2001,Kharif,Rice,29.86,273.619,36,200,400
Maharashtra,NAGPUR,2002,Kharif,Rice,27.77,88.178,45,42600,40200
Maharashtra,NAGPUR,2002,Kharif,Rice,28.23,44.144,64,900,1900
Maharashtra,NAGPUR,2003,Kharif,Rice,26.76,131.007,68,43900,63400
Maharashtra,NAGPUR,2003,Kharif,Rice,26.61,163.644,57,1000,1900
Maharashtra,NAGPUR,2004,Kharif,Rice,27.66,60,67,43100,41200
Maharashtra,NAGPUR,2004,Kharif,Rice,26.6,246.913,61,200,400
Maharashtra,NAGPUR,2005,Kharif,Rice,26.27,100.901,71,45000,61700
Maharashtra,NAGPUR,2005,Kharif,Rice,25.97,174.345,52,800,1200
Maharashtra,NAGPUR,2006,Kharif,Rice,26.66,156.388,51,46000,69100
Maharashtra,NAGPUR,2006,Kharif,Rice,27.79,81.429,64,800,1500
Maharashtra,NAGPUR,2007,Kharif,Rice,27.4,169.093,66,496,754
Maharashtra,NAGPUR,2008,Kharif,Rice,26.13,172.771,70,57500,54600
Maharashtra,NAGPUR,2009,Kharif,Rice,28.33,226.095,63,70900,80300
Maharashtra,NAGPUR,2010,Kharif,Rice,32,211.32,57,71400,70100
Maharashtra,NAGPUR,2011,Kharif,Rice,26.62,143.606,61,77500,117400
Maharashtra,NAGPUR,2012,Kharif,Rice,27.99,151.874,78,67000,100200
Maharashtra,NAGPUR,2012,Kharif,Rice,26.49,97.13,54,100,200
Maharashtra,NAGPUR,2013,Kharif,Rice,26.74,117.923,72,77700,105000
Maharashtra,NAGPUR,2013,Kharif,Rice,26.29,69.595,76,100,200
Maharashtra,NAGPUR,2014,Kharif,Rice,26.64,23.734,73,78800,95500
Maharashtra,NANDED,1997,Kharif,Rice,26.86,134.234,75,25700,15100
Maharashtra,NANDED,1998,Kharif,Rice,27.1,129.832,55,25300,15800
Maharashtra,NANDED,1999,Kharif,Rice,27.76,67.513,62,26100,15600
Maharashtra,NANDED,2000,Kharif,Rice,28.34,255.257,66,26700,20100
Maharashtra,NANDED,2001,Kharif,Rice,26.404,174.092,63,23900,24400
Maharashtra,NANDED,2002,Kharif,Rice,26.526,159.085,76,24100,15300
Maharashtra,NANDED,2003,Kharif,Rice,27.01,133.686,62,23300,13400
Maharashtra,NANDED,2004,Kharif,Rice,28.25,81.695,80,16400,8200
Maharashtra,NANDED,2005,Kharif,Rice,27.87,151.213,67,15600,6700
Maharashtra,NANDED,2006,Kharif,Rice,26.48,168.871,62,15600,9400
Maharashtra,NANDED,2007,Kharif,Rice,27.12,200.043,57,14500,105
Maharashtra,NANDED,2008,Kharif,Rice,28.3,166.506,81,8000,4200
Maharashtra,NANDED,2009,Kharif,Rice,26.67,124.321,81,5600,1500
Maharashtra,NANDED,2010,Kharif,Rice,27.53,165.782,60,5200,2700
Maharashtra,NANDED,2011,Kharif,Rice,26.4,107.118,68,4000,1500
Maharashtra,NANDED,2012,Kharif,Rice,26.635,106.16,48,4000,2100
Maharashtra,NANDED,2013,Kharif,Rice,26.438,59.893,80,800,400
Maharashtra,NANDED,2014,Kharif,Rice,27.189,32.847,55,800,100
Maharashtra,NANDURBAR,1999,Kharif,Rice,27.31,181.976,75,179400,229400
Maharashtra,NANDURBAR,1999,Kharif,Rice,26.86,267.372,47,10800,17400
Maharashtra,NANDURBAR,2000,Kharif,Rice,28.01,64.904,47,21000,4900
Maharashtra,NANDURBAR,2001,Kharif,Rice,26.92,309.201,71,20000,12300
Maharashtra,NANDURBAR,2002,Kharif,Rice,26.52,93.799,59,19800,14500
Maharashtra,NANDURBAR,2003,Kharif,Rice,26.04,184.947,61,22400,17700
Maharashtra,NANDURBAR,2004,Kharif,Rice,27.1,165.86,52,21200,9700
Maharashtra,NANDURBAR,2005,Kharif,Rice,27.979,73.437,47,19700,30900
Maharashtra,NANDURBAR,2006,Kharif,Rice,27.745,204.44,62,20000,16900
Maharashtra,NANDURBAR,2007,Kharif,Rice,26.636,154.723,72,210,312
Maharashtra,NANDURBAR,2008,Kharif,Rice,28.86,305.926,63,20400,21900
Maharashtra,NANDURBAR,2009,Kharif,Rice,27.558,228.754,78,18700,12900
Maharashtra,NANDURBAR,2010,Kharif,Rice,26.726,144.544,74,23400,24700
Maharashtra,NANDURBAR,2011,Kharif,Rice,28.219,145.745,62,19400,31700
Maharashtra,NANDURBAR,2012,Kharif,Rice,26.598,127.978,75,19500,28400
Maharashtra,NANDURBAR,2013,Kharif,Rice,26.85,160.046,65,22500,20300
Maharashtra,NANDURBAR,2014,Kharif,Rice,26.35,54.602,74,18200,9000
Maharashtra,NASHIK,1997,Kharif,Rice,27.121,27.625,77,44600,59600
Maharashtra,NASHIK,1998,Kharif,Rice,26.709,282.072,74,45600,57200
Maharashtra,NASHIK,1999,Kharif,Rice,25.983,342.377,78,47800,57200
Maharashtra,NASHIK,2000,Kharif,Rice,27.269,190.618,80,45600,39800
Maharashtra,NASHIK,2001,Kharif,Rice,27,520.935,46,46600,56300
Maharashtra,NASHIK,2002,Kharif,Rice,26.186,221.975,67,49100,43900
Maharashtra,NASHIK,2003,Kharif,Rice,26.1,421.045,78,50600,66300
Maharashtra,NASHIK,2004,Kharif,Rice,27.12,478.088,49,50800,70200
Maharashtra,NASHIK,2005,Kharif,Rice,27.586,230.293,46,50300,58700
Maharashtra,NASHIK,2006,Kharif,Rice,27.223,493.633,51,49000,49600
Maharashtra,NASHIK,2007,Kharif,Rice,26.271,442.532,70,506,684
Maharashtra,NASHIK,2008,Kharif,Rice,27.76,542.83,71,51200,65800
Maharashtra,NASHIK,2009,Kharif,Rice,26.79,697.789,67,48100,18800
Maharashtra,NASHIK,2010,Kharif,Rice,26.612,469.163,53,59100,24000
Maharashtra,NASHIK,2011,Kharif,Rice,28.404,408.756,72,62900,77800
Maharashtra,NASHIK,2012,Kharif,Rice,26.09,228.785,61,67900,80800
Maharashtra,NASHIK,2013,Kharif,Rice,26.237,344.17,74,72600,93300
Maharashtra,NASHIK,2014,Kharif,Rice,25.229,230.435,47,71200,86700
Maharashtra,OSMANABAD,1997,Kharif,Rice,26.62,55.902,80,13900,3900
Maharashtra,OSMANABAD,1998,Kharif,Rice,27.708,174.49,44,14800,3600
Maharashtra,OSMANABAD,1999,Kharif,Rice,27.18,165.617,57,15200,8500
Maharashtra,OSMANABAD,2000,Kharif,Rice,28.397,83.885,60,17200,8400
Maharashtra,OSMANABAD,2001,Kharif,Rice,28.276,218.618,39,15800,2400
Maharashtra,OSMANABAD,2002,Kharif,Rice,26.008,169.872,54,16700,5200
Maharashtra,OSMANABAD,2003,Kharif,Rice,29.5,329.988,58,18000,2600
Maharashtra,OSMANABAD,2004,Kharif,Rice,28.083,214.459,70,18500,6700
Maharashtra,OSMANABAD,2005,Kharif,Rice,27.48,145.71,66,17000,6400
Maharashtra,OSMANABAD,2006,Kharif,Rice,29,183.235,46,17500,6700
Maharashtra,OSMANABAD,2007,Kharif,Rice,27.002,162.181,72,166,69
Maharashtra,OSMANABAD,2008,Kharif,Rice,27.276,175.134,43,5000,1800
Maharashtra,OSMANABAD,2009,Kharif,Rice,27.376,49.673,43,6100,3700
Maharashtra,OSMANABAD,2010,Kharif,Rice,27.344,43.103,54,11200,3400
Maharashtra,OSMANABAD,2011,Kharif,Rice,27.07,154.839,76,10700,4100
Maharashtra,OSMANABAD,2012,Kharif,Rice,26.565,229.106,50,11500,2800
Maharashtra,OSMANABAD,2013,Kharif,Rice,28.522,92.023,61,13100,6400
Maharashtra,OSMANABAD,2014,Kharif,Rice,28.02,274.215,61,13100,2500
Maharashtra,PALGHAR,2014,Kharif,Rice,26.981,92.154,77,74800,188300
Maharashtra,PARBHANI,1997,Kharif,Rice,26.53,202.2,60,22300,10300
Maharashtra,PARBHANI,1998,Kharif,Rice,27.672,211.155,55,22900,10300
Maharashtra,PARBHANI,1999,Kharif,Rice,28.372,94.479,46,9100,4200
Maharashtra,PARBHANI,2000,Kharif,Rice,27.952,229.302,65,9600,3300
Maharashtra,PARBHANI,2001,Kharif,Rice,26.341,184.183,75,9600,5300
Maharashtra,PARBHANI,2002,Kharif,Rice,29.58,301.99,64,9400,4700
Maharashtra,PARBHANI,2003,Kharif,Rice,28.42,321.208,52,9600,3600
Maharashtra,PARBHANI,2004,Kharif,Rice,28.12,216.288,76,9900,3100
Maharashtra,PARBHANI,2005,Kharif,Rice,29.127,169.731,67,7000,2700
Maharashtra,PARBHANI,2006,Kharif,Rice,27.3213,112.986,46,7800,3200
Maharashtra,PARBHANI,2007,Kharif,Rice,27.2,161.711,81,7200,28
Maharashtra,PARBHANI,2008,Kharif,Rice,27.681,87.693,71,5800,1900
Maharashtra,PARBHANI,2009,Kharif,Rice,27,26.124,77,3100,1100
Maharashtra,PARBHANI,2010,Kharif,Rice,26.584,140.829,60,4000,1800
Maharashtra,PARBHANI,2011,Kharif,Rice,27.121,179.964,69,1700,600
Maharashtra,PARBHANI,2012,Kharif,Rice,28.33,50.226,77,1400,100
Maharashtra,PARBHANI,2013,Kharif,Rice,26.354,254.841,59,700,300
Maharashtra,PARBHANI,2014,Kharif,Rice,26.587,102.709,58,300,
Maharashtra,PUNE,1997,Kharif,Rice,26.136,159.043,47,59400,66000
Maharashtra,PUNE,1998,Kharif,Rice,26.755,132.825,76,60800,73700
Maharashtra,PUNE,1999,Kharif,Rice,27.99,68.956,54,61700,89200
Maharashtra,PUNE,2000,Kharif,Rice,28.77,156.122,74,64000,75200
Maharashtra,PUNE,2001,Kharif,Rice,26.63,150.109,64,59100,86400
Maharashtra,PUNE,2002,Kharif,Rice,29,225.212,55,57700,40000
Maharashtra,PUNE,2003,Kharif,Rice,28.02,169.422,64,60400,84700
Maharashtra,PUNE,2004,Kharif,Rice,27.21,111.774,63,67600,85100
Maharashtra,PUNE,2005,Kharif,Rice,29.301,136.336,55,64500,73800
Maharashtra,PUNE,2006,Kharif,Rice,26.496,102.522,72,63900,68900
Maharashtra,PUNE,2007,Kharif,Rice,26.894,116.792,72,628,782
Maharashtra,PUNE,2008,Kharif,Rice,26.42,51.883,80,61200,75500
Maharashtra,PUNE,2009,Kharif,Rice,27.191,24.548,59,62600,51200
Maharashtra,PUNE,2010,Kharif,Rice,24.977,519.603,91,60900,71900
Maharashtra,PUNE,2011,Kharif,Rice,25.558,362.91,93,62000,85600
Maharashtra,PUNE,2012,Kharif,Rice,24.5,140.215,90,77600,106200
Maharashtra,PUNE,2013,Kharif,Rice,26.562,140.222,69,82100,153200
Maharashtra,PUNE,2014,Kharif,Rice,27.165,118.311,62,82100,136100
Maharashtra,RAIGAD,1997,Kharif,Rice,27.273,96.212,75,123800,311900
Maharashtra,RAIGAD,1997,Kharif,Rice,27.5,255.799,46,82,224
Maharashtra,RAIGAD,1998,Kharif,Rice,26.768,247.331,53,127300,326700
Maharashtra,RAIGAD,1998,Kharif,Rice,26.481,140.613,59,8100,21000
Maharashtra,RAIGAD,1999,Kharif,Rice,27.222,130.581,71,127400,307500
Maharashtra,RAIGAD,1999,Kharif,Rice,28.005,83.026,57,8300,21000
Maharashtra,RAIGAD,2000,Kharif,Rice,27.765,156.399,82,126400,274100
Maharashtra,RAIGAD,2000,Kharif,Rice,27,152.076,77,8300,17600
Maharashtra,RAIGAD,2001,Kharif,Rice,29.293,199.799,54,125400,332200
Maharashtra,RAIGAD,2001,Kharif,Rice,28.302,173.945,48,8300,24600
Maharashtra,RAIGAD,2002,Kharif,Rice,27.531,142.485,45,124600,256000
Maharashtra,RAIGAD,2002,Kharif,Rice,27.953,179.184,68,8600,21800
Maharashtra,RAIGAD,2003,Kharif,Rice,26.873,120.063,50,124600,353600
Maharashtra,RAIGAD,2003,Kharif,Rice,26.613,111.489,61,8500,22700
Maharashtra,RAIGAD,2004,Kharif,Rice,26.993,54.11,60,124500,275900
Maharashtra,RAIGAD,2004,Kharif,Rice,27.654,43.285,49,8500,21300
Maharashtra,RAIGAD,2005,Kharif,Rice,29.11,236.094,88,121000,272900
Maharashtra,RAIGAD,2005,Kharif,Rice,30.07,280.594,81,8500,22100
Maharashtra,RAIGAD,2006,Kharif,Rice,28.5,339.285,85,123600,291100
Maharashtra,RAIGAD,2006,Kharif,Rice,28.517,191.843,42,8600,23400
Maharashtra,RAIGAD,2007,Kharif,Rice,27.135,387.2,56,1246,3127
Maharashtra,RAIGAD,2008,Kharif,Rice,26.41,570.845,46,123800,335900
Maharashtra,RAIGAD,2009,Kharif,Rice,29.259,395.459,61,124000,311500
Maharashtra,RAIGAD,2010,Kharif,Rice,28.1,270.333,62,124600,294600
Maharashtra,RAIGAD,2011,Kharif,Rice,27.22,223.546,59,123800,298600
Maharashtra,RAIGAD,2011,Kharif,Rice,29.102,212.068,71,3000,7600
Maharashtra,RAIGAD,2012,Kharif,Rice,26.92,254.845,43,124100,323000
Maharashtra,RAIGAD,2012,Kharif,Rice,26.912,375.5,64,3800,10300
Maharashtra,RAIGAD,2013,Kharif,Rice,27.223,223.499,54,124100,355100
Maharashtra,RAIGAD,2013,Kharif,Rice,27.7,109.182,50,3800,10800
Maharashtra,RAIGAD,2014,Kharif,Rice,29.132,774.657,79,116200,320700
Maharashtra,RAIGAD,2014,Kharif,Rice,27.696,354.384,75,9100,30100
Maharashtra,RATNAGIRI,1997,Kharif,Rice,27.78,589.932,80,79200,183200
Maharashtra,RATNAGIRI,1997,Kharif,Rice,27.631,727.93,50,3,8
Maharashtra,RATNAGIRI,1998,Kharif,Rice,28.698,355.993,57,78400,219100
Maharashtra,RATNAGIRI,1998,Kharif,Rice,28.521,774.249,83,400,1100
Maharashtra,RATNAGIRI,1999,Kharif,Rice,27.754,676.011,66,79400,191500
Maharashtra,RATNAGIRI,1999,Kharif,Rice,28.072,738.215,65,500,1300
Maharashtra,RATNAGIRI,2000,Kharif,Rice,27.998,987.536,77,78400,165900
Maharashtra,RATNAGIRI,2000,Kharif,Rice,27.414,629.843,72,400,1200
Maharashtra,RATNAGIRI,2001,Kharif,Rice,29.516,651.065,79,78400,209200
Maharashtra,RATNAGIRI,2001,Kharif,Rice,27.535,381.251,51,300,1000
Maharashtra,RATNAGIRI,2002,Kharif,Rice,26.86,582.678,76,78500,148300
Maharashtra,RATNAGIRI,2002,Kharif,Rice,26.524,362.551,78,300,800
Maharashtra,RATNAGIRI,2003,Kharif,Rice,27.884,89.817,84,79200,238500
Maharashtra,RATNAGIRI,2003,Kharif,Rice,26.488,334.797,64,200,600
Maharashtra,RATNAGIRI,2004,Kharif,Rice,26.321,270.123,56,79100,186500
Maharashtra,RATNAGIRI,2004,Kharif,Rice,27.099,176.332,75,200,700
Maharashtra,RATNAGIRI,2005,Kharif,Rice,26.059,676.749,47,77000,194600
Maharashtra,RATNAGIRI,2005,Kharif,Rice,26.288,362.812,48,200,600
Maharashtra,RATNAGIRI,2006,Kharif,Rice,26.337,533.661,65,77900,210900
Maharashtra,RATNAGIRI,2006,Kharif,Rice,26.584,537.357,47,100,300
Maharashtra,RATNAGIRI,2007,Kharif,Rice,27.351,304.819,60,767,1965
Maharashtra,RATNAGIRI,2008,Kharif,Rice,27.54,539.482,53,77400,201000
Maharashtra,RATNAGIRI,2009,Kharif,Rice,26.02,630.769,56,77300,202700
Maharashtra,RATNAGIRI,2010,Kharif,Rice,28.56,541.375,72,78000,223100
Maharashtra,RATNAGIRI,2011,Kharif,Rice,26.879,679.109,47,77400,226100
Maharashtra,RATNAGIRI,2011,Kharif,Rice,26.359,458.988,81,100,300
Maharashtra,RATNAGIRI,2012,Kharif,Rice,27.45,558.734,75,73800,214800
Maharashtra,RATNAGIRI,2012,Kharif,Rice,26.057,287.551,80,100,200
Maharashtra,RATNAGIRI,2013,Kharif,Rice,26.373,370.646,56,72100,213200
Maharashtra,RATNAGIRI,2014,Kharif,Rice,26.118,291.388,78,72500,220500
Maharashtra,SANGLI,1997,Kharif,Rice,26.648,75.62,72,15700,32400
Maharashtra,SANGLI,1998,Kharif,Rice,27.351,118.319,56,16300,51500
Maharashtra,SANGLI,1999,Kharif,Rice,27.292,85.043,54,17900,47200
Maharashtra,SANGLI,2000,Kharif,Rice,28.035,83.613,72,18600,40400
Maharashtra,SANGLI,2001,Kharif,Rice,26.835,229.662,65,17700,47200
Maharashtra,SANGLI,2002,Kharif,Rice,26.741,221.121,46,18500,28400
Maharashtra,SANGLI,2003,Kharif,Rice,26.455,140.024,77,15600,39500
Maharashtra,SANGLI,2004,Kharif,Rice,26.529,127.041,79,17700,44200
Maharashtra,SANGLI,2005,Kharif,Rice,27.993,84.288,73,18100,39500
Maharashtra,SANGLI,2006,Kharif,Rice,28.146,140.89,78,18100,28900
Maharashtra,SANGLI,2007,Kharif,Rice,26.702,162.943,59,187,436
Maharashtra,SANGLI,2008,Kharif,Rice,29.1,168.604,57,18700,38700
Maharashtra,SANGLI,2009,Kharif,Rice,27.8,161.524,68,18700,35100
Maharashtra,SANGLI,2010,Kharif,Rice,27.332,133.706,61,20200,53900
Maharashtra,SANGLI,2011,Kharif,Rice,28.134,173.179,60,18100,33700
Maharashtra,SANGLI,2012,Kharif,Rice,27,104.596,74,17500,33700
Maharashtra,SANGLI,2013,Kharif,Rice,26.707,94.283,58,14500,25500
Maharashtra,SANGLI,2014,Kharif,Rice,26.808,60.38,70,15500,31400
Maharashtra,SATARA,1997,Kharif,Rice,27.602,37.87,46,41100,64300
Maharashtra,SATARA,1998,Kharif,Rice,26.584,164.42,72,41500,100200
Maharashtra,SATARA,1999,Kharif,Rice,26.745,191.302,68,44000,71100
Maharashtra,SATARA,2000,Kharif,Rice,27.535,72.513,81,43900,51300
Maharashtra,SATARA,2001,Kharif,Rice,27.25,290.203,45,44600,77200
Maharashtra,SATARA,2002,Kharif,Rice,26.598,174.163,64,45400,71200
Maharashtra,SATARA,2003,Kharif,Rice,26.159,161.734,73,44200,73400
Maharashtra,SATARA,2004,Kharif,Rice,26.451,137.657,58,44100,72900
Maharashtra,SATARA,2005,Kharif,Rice,27.868,75.838,52,43600,73400
Maharashtra,SATARA,2006,Kharif,Rice,26.976,171.78,50,45000,93300
Maharashtra,SATARA,2007,Kharif,Rice,26.4,153.688,49,496,1024
Maharashtra,SATARA,2008,Kharif,Rice,29.208,246.88,66,49700,109300
Maharashtra,SATARA,2009,Kharif,Rice,27.363,176.259,51,50600,76900
Maharashtra,SATARA,2010,Kharif,Rice,27,125.308,52,50800,82200
Maharashtra,SATARA,2011,Kharif,Rice,27.856,160.994,80,50500,83000
Maharashtra,SATARA,2012,Kharif,Rice,26.475,125.953,49,51000,70000
Maharashtra,SATARA,2013,Kharif,Rice,28.655,131.395,59,50400,75600
Maharashtra,SATARA,2014,Kharif,Rice,26.665,49.307,50,52900,94700
Maharashtra,SINDHUDURG,1997,Kharif,Rice,27.242,35.75,46,75300,196900
Maharashtra,SINDHUDURG,1997,Kharif,Rice,25.127,325.191,47,46,82
Maharashtra,SINDHUDURG,1998,Kharif,Rice,25.332,202.57,69,75600,208200
Maharashtra,SINDHUDURG,1998,Kharif,Rice,26.105,172.864,68,4500,10100
Maharashtra,SINDHUDURG,1999,Kharif,Rice,26.019,740.613,57,75400,172400
Maharashtra,SINDHUDURG,1999,Kharif,Rice,25.328,484.451,60,4500,8900
Maharashtra,SINDHUDURG,2000,Kharif,Rice,24.794,583.557,66,75400,187300
Maharashtra,SINDHUDURG,2000,Kharif,Rice,25.1,479.719,75,4400,10200
Maharashtra,SINDHUDURG,2001,Kharif,Rice,26.308,321.551,45,74300,189400
Maharashtra,SINDHUDURG,2001,Kharif,Rice,25.365,450.088,50,4300,8000
Maharashtra,SINDHUDURG,2002,Kharif,Rice,24.497,707.986,77,74500,163300
Maharashtra,SINDHUDURG,2002,Kharif,Rice,26.87,501.461,72,4400,9000
Maharashtra,SINDHUDURG,2003,Kharif,Rice,26,558.586,54,74700,236900
Maharashtra,SINDHUDURG,2003,Kharif,Rice,25.798,422.913,77,4300,8500
Maharashtra,SINDHUDURG,2004,Kharif,Rice,26.024,590.663,74,74500,210800
Maharashtra,SINDHUDURG,2004,Kharif,Rice,25.139,277.137,47,4300,8500
Maharashtra,SINDHUDURG,2005,Kharif,Rice,25.417,265.417,58,74500,215400
Maharashtra,SINDHUDURG,2005,Kharif,Rice,25.351,279.547,46,4200,8800
Maharashtra,SINDHUDURG,2006,Kharif,Rice,25.859,84.936,80,74700,220400
Maharashtra,SINDHUDURG,2006,Kharif,Rice,24.986,276.782,64,4100,8800
Maharashtra,SINDHUDURG,2007,Kharif,Rice,25.657,200.538,53,749,2051
Maharashtra,SINDHUDURG,2008,Kharif,Rice,25.96,201.034,56,74400,208000
Maharashtra,SINDHUDURG,2009,Kharif,Rice,25.65,589.981,55,74600,196200
Maharashtra,SINDHUDURG,2010,Kharif,Rice,25,483.664,61,73900,197000
Maharashtra,SINDHUDURG,2011,Kharif,Rice,24.73,397.849,74,74200,202500
Maharashtra,SINDHUDURG,2011,Kharif,Rice,25.084,441.796,48,3800,8600
Maharashtra,SINDHUDURG,2012,Kharif,Rice,25.939,281.253,73,74200,207000
Maharashtra,SINDHUDURG,2012,Kharif,Rice,25.56,445.325,81,2600,6200
Maharashtra,SINDHUDURG,2013,Kharif,Rice,25.23,645.472,51,74200,232800
Maharashtra,SINDHUDURG,2013,Kharif,Rice,26.309,389.618,66,2600,5600
Maharashtra,SINDHUDURG,2014,Kharif,Rice,25.39,402.288,63,67400,222400
Maharashtra,SINDHUDURG,2014,Kharif,Rice,25.556,374.722,78,2600,5400
Maharashtra,SOLAPUR,1997,Kharif,Rice,25.94,448.806,51,2100,2300
Maharashtra,SOLAPUR,1998,Kharif,Rice,25.019,343.148,58,2900,3300
Maharashtra,SOLAPUR,1999,Kharif,Rice,25.254,290.853,80,3200,4200
Maharashtra,SOLAPUR,2000,Kharif,Rice,24.784,218.49,72,3000,3400
Maharashtra,SOLAPUR,2001,Kharif,Rice,25.604,93.782,64,600,800
Maharashtra,SOLAPUR,2002,Kharif,Rice,25.277,388.808,74,500,300
Maharashtra,SOLAPUR,2003,Kharif,Rice,25.778,247.278,74,200,100
Maharashtra,SOLAPUR,2004,Kharif,Rice,26.303,243.868,81,400,100
Maharashtra,SOLAPUR,2005,Kharif,Rice,26.301,877.458,54,100,100
Maharashtra,SOLAPUR,2006,Kharif,Rice,25.158,632.256,69,400,100
Maharashtra,SOLAPUR,2007,Kharif,Rice,25.196,653.821,65,3,3
Maharashtra,SOLAPUR,2008,Kharif,Rice,26.357,620.045,55,100,10
Maharashtra,SOLAPUR,2009,Kharif,Rice,25.612,409.419,56,100,14
Maharashtra,SOLAPUR,2010,Kharif,Rice,25.387,596.198,57,700,200
Maharashtra,SOLAPUR,2011,Kharif,Rice,26.497,929.844,69,700,200
Maharashtra,SOLAPUR,2012,Kharif,Rice,25.583,575.011,45,400,100
Maharashtra,SOLAPUR,2013,Kharif,Rice,26,618.306,63,400,100
Maharashtra,SOLAPUR,2014,Kharif,Rice,26.45,526.592,52,400,100
Maharashtra,THANE,1997,Kharif,Rice,26.17,687.987,53,146700,343300
Maharashtra,THANE,1997,Kharif,Rice,25.369,420.89,79,29,86
Maharashtra,THANE,1998,Kharif,Rice,25.666,369.293,61,139500,266400
Maharashtra,THANE,1998,Kharif,Rice,25.5,341.33,57,2600,6400
Maharashtra,THANE,1999,Kharif,Rice,26.3,118.729,52,139200,295500
Maharashtra,THANE,1999,Kharif,Rice,26.1,138.655,54,2600,6500
Maharashtra,THANE,2000,Kharif,Rice,26.336,89.505,73,139300,170200
Maharashtra,THANE,2000,Kharif,Rice,26.72,102.257,52,2400,5100
Maharashtra,THANE,2001,Kharif,Rice,26.265,282.565,73,138600,340000
Maharashtra,THANE,2001,Kharif,Rice,25.455,268.351,46,2400,5100
Maharashtra,THANE,2002,Kharif,Rice,25.379,182.938,68,138000,153800
Maharashtra,THANE,2002,Kharif,Rice,25.707,175.443,56,2400,6000
Maharashtra,THANE,2003,Kharif,Rice,26.901,117.091,69,138500,391600
Maharashtra,THANE,2003,Kharif,Rice,26.129,184.103,63,2400,5900
Maharashtra,THANE,2004,Kharif,Rice,25.98,241.547,58,138600,328800
Maharashtra,THANE,2004,Kharif,Rice,27.482,195.699,70,2400,6600
Maharashtra,THANE,2005,Kharif,Rice,26.544,200.705,76,137000,304700
Maharashtra,THANE,2005,Kharif,Rice,26.451,173.078,82,2500,5900
Maharashtra,THANE,2006,Kharif,Rice,26.74,221.741,61,137600,252200
Maharashtra,THANE,2006,Kharif,Rice,27.56,137.107,69,2600,5200
Maharashtra,THANE,2007,Kharif,Rice,25.81,118.913,62,1381,3033
Maharashtra,THANE,2008,Kharif,Rice,26,87.832,69,138000,297300
Maharashtra,THANE,2009,Kharif,Rice,26.533,46.604,59,136000,285000
Maharashtra,THANE,2010,Kharif,Rice,28.64,345.896,90,136000,275300
Maharashtra,THANE,2011,Kharif,Rice,29.92,323.602,93,137500,337200
Maharashtra,THANE,2011,Kharif,Rice,28.145,177.36,88,2900,6800
Maharashtra,THANE,2012,Kharif,Rice,26.95,368.212,59,137500,356800
Maharashtra,THANE,2012,Kharif,Rice,26.861,227.526,62,2100,6100
Maharashtra,THANE,2013,Kharif,Rice,28.592,270.166,32,137500,328000
Maharashtra,THANE,2013,Kharif,Rice,27.501,292.159,46,2100,6000
Maharashtra,THANE,2014,Kharif,Rice,27,155.446,36,55200,132900
Maharashtra,THANE,2014,Kharif,Rice,26.511,354.676,52,2800,7500
Maharashtra,WARDHA,1997,Kharif,Rice,27.05,437.931,32,800,400
Maharashtra,WARDHA,1998,Kharif,Rice,28.371,422.738,48,500,500
Maharashtra,WARDHA,1999,Kharif,Rice,27.217,271.328,48,500,300
Maharashtra,WARDHA,2000,Kharif,Rice,26.23,206.47,48,600,300
Maharashtra,WARDHA,2001,Kharif,Rice,29,211.155,58,500,300
Maharashtra,WARDHA,2002,Kharif,Rice,28.193,244.518,48,500,300
Maharashtra,WARDHA,2003,Kharif,Rice,27.021,334.043,57,300,200
Maharashtra,WARDHA,2004,Kharif,Rice,28.585,161.208,70,200,200
Maharashtra,WARDHA,2005,Kharif,Rice,26.298,89.047,73,200,200
Maharashtra,WARDHA,2006,Kharif,Rice,27.508,236.928,49,100,100
Maharashtra,WARDHA,2007,Kharif,Rice,28.1,339.638,60,1,1
Maharashtra,WASHIM,1999,Kharif,Rice,27.781,67.245,68,1900,1200
Maharashtra,WASHIM,2000,Kharif,Rice,28.86,386.424,74,2000,800
Maharashtra,WASHIM,2001,Kharif,Rice,27.769,125.888,77,1300,1300
Maharashtra,WASHIM,2002,Kharif,Rice,27.153,205.589,74,1100,700
Maharashtra,WASHIM,2003,Kharif,Rice,27,168.906,74,900,300
Maharashtra,WASHIM,2004,Kharif,Rice,27.303,74.632,50,500,200
Maharashtra,WASHIM,2005,Kharif,Rice,28.779,229.667,75,300,100
Maharashtra,WASHIM,2006,Kharif,Rice,27.525,167.266,58,200,100
Maharashtra,WASHIM,2007,Kharif,Rice,26,365.835,58,1,1
Maharashtra,WASHIM,2008,Kharif,Rice,29.21,213.066,78,100,100
Maharashtra,WASHIM,2009,Kharif,Rice,28.388,129.474,49,100,200
Maharashtra,WASHIM,2011,Kharif,Rice,28.1,158.978,46,200,200
Maharashtra,YAVATMAL,1997,Kharif,Rice,28.58,165.584,65,6700,3800
Maharashtra,YAVATMAL,1998,Kharif,Rice,27.69,194.276,58,5400,4000
Maharashtra,YAVATMAL,1999,Kharif,Rice,27.502,45.148,57,5300,4600
Maharashtra,YAVATMAL,2000,Kharif,Rice,27.54,36.801,79,5200,4300
Maharashtra,YAVATMAL,2001,Kharif,Rice,28.131,250,53,4800,4800
Maharashtra,YAVATMAL,2002,Kharif,Rice,23.343,42.3484,84,3700,2400
Maharashtra,YAVATMAL,2003,Kharif,Rice,23.1044,8.7838,70,3300,2000
Maharashtra,YAVATMAL,2004,Kharif,Rice,22.8118,39.5078,35,2400,800
Maharashtra,YAVATMAL,2005,Kharif,Rice,23.2746,9.2558,33,1800,900
Maharashtra,YAVATMAL,2006,Kharif,Rice,23.5674,4.0668,29,600,300
Maharashtra,YAVATMAL,2007,Kharif,Rice,23.5598,28.5188,85,6,4
Maharashtra,YAVATMAL,2008,Kharif,Rice,23.7654,3.5496,87,500,200
Maharashtra,YAVATMAL,2009,Kharif,Rice,23.456,8.3676,20,200,300
Maharashtra,YAVATMAL,2011,Kharif,Rice,22.8787,46.7888,36,100,100
Maharashtra,YAVATMAL,2012,Kharif,Rice,22.7811,20.8014,43,100,40
Maharashtra,YAVATMAL,2013,Kharif,Rice,23.111,14.398,54,100,200
